USE tienda;

-- Insertar datos en la tabla CLIENTE
INSERT INTO CLIENTE (id_cliente, nombre, apellido1, apellido2, DNI, numero_tarjeta, numero_tlfn, email, fecha_nacimiento)
VALUES
(1, 'Carlos', 'Gomez', 'Lopez', '12345678A', '1111222233334444', '600123456', 'carlos.gomez@example.com', '1985-03-15'),
(2, 'Maria', 'Perez', 'Martinez', '87654321B', '5555666677778888', '600654321', 'maria.perez@example.com', '1990-07-22'),
(3, 'Juan', 'Lopez', 'Garcia', '11223344C', '9999000011112222', '600987654', 'juan.lopez@example.com', '1988-11-05'),
(4, 'Ana', 'Martinez', 'Sanchez', '44332211D', '3333444455556666', '600456789', 'ana.martinez@example.com', '1995-01-12'),
(5, 'Lucia', 'Hernandez', 'Diaz', '55667788E', '7777888899990000', '600789123', 'lucia.hernandez@example.com', '1992-09-30'),
(6, 'Pedro', 'Ramirez', 'Ortiz', '66778899F', '8888999900001111', '600654987', 'pedro.ramirez@example.com', '1983-04-25'),
(7, 'Laura', 'Fernandez', 'Castro', '77889900G', '4444555566667777', '600321987', 'laura.fernandez@example.com', '1991-08-14'),
(8, 'Jorge', 'Santos', 'Vega', '88990011H', '5555666677778888', '600987321', 'jorge.santos@example.com', '1987-12-03'),
(9, 'Elena', 'Diaz', 'Mendez', '99001122I', '6666777788889999', '600123789', 'elena.diaz@example.com', '1993-05-19'),
(10, 'Raul', 'Garcia', 'Navarro', '00112233J', '7777888899990000', '600456123', 'raul.garcia@example.com', '1989-10-07'),
(11, 'Sofia', 'Ruiz', 'Morales', '99887766Z', '2222333344445555', '600321654', 'sofia.ruiz@example.com', '1987-06-18'),
(12, 'Andres', 'Lopez', 'Martinez', '12345679B', '1111222233335555', '600987654', 'andres.lopez@example.com', '1980-02-10'),
(13, 'Clara', 'Sanchez', 'Hernandez', '98765432C', '2222333344446666', '600654321', 'clara.sanchez@example.com', '1995-06-25'),
(14, 'Miguel', 'Garcia', 'Diaz', '45678901D', '3333444455557777', '600321987', 'miguel.garcia@example.com', '1988-09-15'),
(15, 'Isabel', 'Fernandez', 'Ruiz', '78901234E', '4444555566668888', '600123456', 'isabel.fernandez@example.com', '1992-11-30'),
(16, 'Pablo', 'Vega', 'Navarro', '89012345F', '5555666677779999', '600789123', 'pablo.vega@example.com', '1985-04-20'),
(17, 'Alberto', 'Mendez', 'Lopez', '23456789G', '6666777788889999', '600456789', 'alberto.mendez@example.com', '1987-03-12'),
(18, 'Carmen', 'Diaz', 'Santos', '34567890H', '7777888899990000', '600789654', 'carmen.diaz@example.com', '1993-07-18'),
(19, 'Luis', 'Navarro', 'Garcia', '45678901I', '8888999900001111', '600321456', 'luis.navarro@example.com', '1985-11-22'),
(20, 'Sara', 'Ruiz', 'Martinez', '56789012J', '9999000011112222', '600654789', 'sara.ruiz@example.com', '1990-05-30'),
(21, 'Victor', 'Hernandez', 'Perez', '67890123K', '1111222233334444', '600987123', 'victor.hernandez@example.com', '1988-09-10'),
(22, 'Paula', 'Lopez', 'Diaz', '78901234L', '2222333344445555', '600123654', 'paula.lopez@example.com', '1992-12-05'),
(23, 'Javier', 'Sanchez', 'Vega', '89012345M', '3333444455556666', '600456321', 'javier.sanchez@example.com', '1989-04-15'),
(24, 'Natalia', 'Garcia', 'Fernandez', '90123456N', '4444555566667777', '600789987', 'natalia.garcia@example.com', '1994-08-25'),
(25, 'Diego', 'Martinez', 'Hernandez', '01234567O', '5555666677778888', '600321789', 'diego.martinez@example.com', '1986-01-20'),
(26, 'Marta', 'Perez', 'Lopez', '12345678P', '6666777788889999', '600654123', 'marta.perez@example.com', '1991-06-14'),
(27, 'Adriana', 'Mora', 'Santos', '23456789Q', '1111222233334444', '600123987', 'adriana.mora@example.com', '1990-03-15'),
(28, 'Fernando', 'Castro', 'Lopez', '34567890R', '2222333344445555', '600654789', 'fernando.castro@example.com', '1985-07-22'),
(29, 'Monica', 'Vargas', 'Perez', '45678901S', '3333444455556666', '600987321', 'monica.vargas@example.com', '1993-11-05'),
(30, 'Hector', 'Diaz', 'Garcia', '56789012T', '4444555566667777', '600321654', 'hector.diaz@example.com', '1988-01-12'),
(31, 'Patricia', 'Navarro', 'Hernandez', '67890123U', '5555666677778888', '600789456', 'patricia.navarro@example.com', '1992-09-30'),
(32, 'Ricardo', 'Santos', 'Martinez', '78901234V', '6666777788889999', '600456987', 'ricardo.santos@example.com', '1987-04-25'),
(33, 'Valeria', 'Lopez', 'Ruiz', '89012345W', '7777888899990000', '600123654', 'valeria.lopez@example.com', '1995-08-14'),
(34, 'Francisco', 'Perez', 'Diaz', '90123456X', '8888999900001111', '600654321', 'francisco.perez@example.com', '1989-12-03'),
(35, 'Carolina', 'Garcia', 'Sanchez', '01234567Y', '9999000011112222', '600987654', 'carolina.garcia@example.com', '1991-05-19'),
(36, 'Daniel', 'Martinez', 'Vega', '12345678Z', '1111222233334444', '600321987', 'daniel.martinez@example.com', '1986-10-07'),
(37, 'Angela', 'Ruiz', 'Navarro', '23456789A', '2222333344445555', '600789123', 'angela.ruiz@example.com', '1994-06-18'),
(38, 'Sergio', 'Hernandez', 'Lopez', '34567890B', '3333444455556666', '600456789', 'sergio.hernandez@example.com', '1983-02-10'),
(39, 'Claudia', 'Diaz', 'Perez', '45678901C', '4444555566667777', '600123456', 'claudia.diaz@example.com', '1990-12-25'),
(40, 'Manuel', 'Sanchez', 'Garcia', '56789012D', '5555666677778888', '600654987', 'manuel.sanchez@example.com', '1987-08-15'),
(41, 'Gabriel', 'Mendez', 'Lopez', '67890123E', '1111222233334444', '600123654', 'gabriel.mendez@example.com', '1989-03-10'),
(42, 'Silvia', 'Castro', 'Hernandez', '78901234F', '2222333344445555', '600654321', 'silvia.castro@example.com', '1991-07-25'),
(43, 'Oscar', 'Diaz', 'Martinez', '89012345G', '3333444455556666', '600987456', 'oscar.diaz@example.com', '1987-11-15'),
(44, 'Lorena', 'Perez', 'Garcia', '90123456H', '4444555566667777', '600321789', 'lorena.perez@example.com', '1993-01-20'),
(45, 'Alfonso', 'Navarro', 'Santos', '01234567I', '5555666677778888', '600789654', 'alfonso.navarro@example.com', '1985-09-05'),
(46, 'Beatriz', 'Sanchez', 'Ruiz', '12345678J', '6666777788889999', '600456123', 'beatriz.sanchez@example.com', '1990-04-18'),
(47, 'Hugo', 'Lopez', 'Diaz', '23456789K', '7777888899990000', '600123987', 'hugo.lopez@example.com', '1988-06-30'),
(48, 'Elisa', 'Garcia', 'Fernandez', '34567890L', '8888999900001111', '600654987', 'elisa.garcia@example.com', '1995-12-12'),
(49, 'Mario', 'Martinez', 'Vega', '45678901M', '9999000011112222', '600987321', 'mario.martinez@example.com', '1986-08-22'),
(50, 'Celia', 'Ruiz', 'Navarro', '56789012N', '1111222233334444', '600321654', 'celia.ruiz@example.com', '1992-10-14');

-- Insertar datos en la tabla PRODUCTO
INSERT INTO PRODUCTO (id_producto, nombre_producto, descripcion, precio, fabricante, tipo)
VALUES
(1, 'Laptop HP Pavilion', 'Laptop con procesador Intel i5 y 8GB RAM', 750.00, 'HP', 'Electrónica'),
(2, 'Smartphone Samsung Galaxy S21', 'Teléfono móvil con pantalla AMOLED', 999.99, 'Samsung', 'Electrónica'),
(3, 'Auriculares Sony WH-1000XM4', 'Auriculares inalámbricos con cancelación de ruido', 299.99, 'Sony', 'Accesorios'),
(4, 'Televisor LG OLED55', 'Televisor OLED de 55 pulgadas', 1299.99, 'LG', 'Electrodomésticos'),
(5, 'Cámara Canon EOS 250D', 'Cámara réflex digital con lente 18-55mm', 599.99, 'Canon', 'Fotografía'),
(6, 'Tablet Apple iPad Air', 'Tablet con pantalla Retina de 10.9 pulgadas', 649.99, 'Apple', 'Electrónica'),
(7, 'Monitor Dell UltraSharp', 'Monitor de 27 pulgadas con resolución 4K', 499.99, 'Dell', 'Electrónica'),
(8, 'Teclado Logitech MX Keys', 'Teclado inalámbrico con retroiluminación', 99.99, 'Logitech', 'Accesorios'),
(9, 'Mouse Razer DeathAdder', 'Mouse para gaming con sensor óptico', 59.99, 'Razer', 'Accesorios'),
(10, 'Disco Duro Externo WD', 'Disco duro externo de 2TB', 89.99, 'Western Digital', 'Almacenamiento'),
(11, 'Impresora Epson EcoTank L3150', 'Impresora multifunción con sistema de tinta continua', 199.99, 'Epson', 'Oficina'),
(12, 'Cafetera Nespresso Vertuo', 'Cafetera automática con cápsulas', 129.99, 'Nespresso', 'Electrodomésticos'),
(13, 'Aspiradora Dyson V11', 'Aspiradora inalámbrica con alta potencia', 599.99, 'Dyson', 'Electrodomésticos'),
(14, 'Reloj Garmin Forerunner 245', 'Reloj deportivo con GPS y monitor de ritmo cardíaco', 299.99, 'Garmin', 'Accesorios'),
(15, 'Consola PlayStation 5', 'Consola de videojuegos de última generación', 499.99, 'Sony', 'Electrónica'),
(16, 'Libro: Clean Code', 'Libro sobre buenas prácticas de programación', 39.99, 'Prentice Hall', 'Libros'),
(17, 'Cámara GoPro HERO10', 'Cámara de acción con resolución 5.3K', 499.99, 'GoPro', 'Fotografía'),
(18, 'Router TP-Link Archer AX50', 'Router Wi-Fi 6 con alta velocidad', 129.99, 'TP-Link', 'Electrónica'),
(19, 'Silla Gaming DXRacer', 'Silla ergonómica para gamers', 299.99, 'DXRacer', 'Muebles'),
(20, 'Lámpara Xiaomi Mi LED', 'Lámpara de escritorio con luz ajustable', 49.99, 'Xiaomi', 'Hogar'),
(21, 'Auriculares Bose QuietComfort 45', 'Auriculares con cancelación de ruido', 329.99, 'Bose', 'Accesorios'),
(22, 'Smartwatch Apple Watch Series 7', 'Reloj inteligente con pantalla Retina', 399.99, 'Apple', 'Electrónica'),
(23, 'Cámara Nikon D3500', 'Cámara réflex digital con lente 18-55mm', 499.99, 'Nikon', 'Fotografía'),
(24, 'Altavoz JBL Charge 5', 'Altavoz portátil con Bluetooth y batería de larga duración', 179.99, 'JBL', 'Accesorios'),
(25, 'Microondas Samsung MG23K3515AK', 'Microondas con grill y tecnología de descongelación', 149.99, 'Samsung', 'Electrodomésticos'),
(26, 'Libro: The Pragmatic Programmer', 'Libro sobre desarrollo de software', 49.99, 'Addison-Wesley', 'Libros'),
(27, 'Cargador Inalámbrico Belkin', 'Cargador inalámbrico rápido para smartphones', 29.99, 'Belkin', 'Accesorios'),
(28, 'Cámara Sony Alpha 7 III', 'Cámara sin espejo con lente 28-70mm', 1999.99, 'Sony', 'Fotografía'),
(29, 'Auriculares Apple AirPods Pro', 'Auriculares inalámbricos con cancelación de ruido', 249.99, 'Apple', 'Accesorios'),
(30, 'Refrigerador LG InstaView', 'Refrigerador con puerta de cristal y tecnología Inverter', 1499.99, 'LG', 'Electrodomésticos'),
(31, 'Libro: Design Patterns', 'Libro sobre patrones de diseño en programación', 49.99, 'Addison-Wesley', 'Libros'),
(32, 'Smartphone Google Pixel 6', 'Teléfono móvil con cámara avanzada', 699.99, 'Google', 'Electrónica'),
(33, 'Impresora HP LaserJet Pro', 'Impresora láser monocromática', 199.99, 'HP', 'Oficina'),
(34, 'Teclado Mecánico Corsair K95', 'Teclado mecánico RGB para gaming', 199.99, 'Corsair', 'Accesorios'),
(35, 'Licuadora Philips HR3571', 'Licuadora de alta potencia con jarra de vidrio', 99.99, 'Philips', 'Electrodomésticos'),
(36, 'Router ASUS RT-AX86U', 'Router Wi-Fi 6 para gaming', 249.99, 'ASUS', 'Electrónica'),
(37, 'Cámara Panasonic Lumix G7', 'Cámara sin espejo con grabación 4K', 599.99, 'Panasonic', 'Fotografía'),
(38, 'Auriculares Beats Studio3', 'Auriculares inalámbricos con cancelación de ruido', 349.99, 'Beats', 'Accesorios'),
(39, 'Smartphone OnePlus 9', 'Teléfono móvil con pantalla AMOLED', 729.99, 'OnePlus', 'Electrónica'),
(40, 'Microondas Whirlpool MAX', 'Microondas compacto con grill', 199.99, 'Whirlpool', 'Electrodomésticos'),
(41, 'Libro: Refactoring', 'Libro sobre técnicas de refactorización de código', 49.99, 'Addison-Wesley', 'Libros'),
(42, 'Consola Xbox Series X', 'Consola de videojuegos de última generación', 499.99, 'Microsoft', 'Electrónica'),
(43, 'Router Netgear Nighthawk', 'Router Wi-Fi 6 con alta velocidad', 299.99, 'Netgear', 'Electrónica'),
(44, 'Silla de Oficina Ergohuman', 'Silla ergonómica para oficina', 399.99, 'Ergohuman', 'Muebles'),
(45, 'Lámpara LED Philips Hue', 'Lámpara inteligente con control por app', 59.99, 'Philips', 'Hogar'),
(46, 'Altavoz Sony SRS-XB43', 'Altavoz portátil con graves potentes', 249.99, 'Sony', 'Accesorios'),
(47, 'Cafetera DeLonghi Magnifica', 'Cafetera automática con molinillo integrado', 799.99, 'DeLonghi', 'Electrodomésticos'),
(48, 'Teclado Razer BlackWidow', 'Teclado mecánico RGB para gaming', 149.99, 'Razer', 'Accesorios'),
(49, 'Monitor Samsung Odyssey G7', 'Monitor curvo de 32 pulgadas con resolución QHD', 699.99, 'Samsung', 'Electrónica'),
(50, 'Cámara Fujifilm X-T4', 'Cámara sin espejo con estabilización de imagen', 1699.99, 'Fujifilm', 'Fotografía'),
(51, 'Cámara Olympus OM-D E-M10', 'Cámara sin espejo con estabilización de imagen', 799.99, 'Olympus', 'Fotografía'),
(52, 'Auriculares JBL Tune 750BTNC', 'Auriculares inalámbricos con cancelación de ruido', 129.99, 'JBL', 'Accesorios'),
(53, 'Smartphone Xiaomi Redmi Note 10', 'Teléfono móvil con pantalla AMOLED', 249.99, 'Xiaomi', 'Electrónica'),
(54, 'Microondas Panasonic NN-SN686S', 'Microondas con tecnología Inverter', 199.99, 'Panasonic', 'Electrodomésticos'),
(55, 'Libro: The Mythical Man-Month', 'Libro sobre gestión de proyectos de software', 39.99, 'Addison-Wesley', 'Libros'),
(56, 'Consola Nintendo Switch OLED', 'Consola de videojuegos portátil y de sobremesa', 349.99, 'Nintendo', 'Electrónica'),
(57, 'Router Linksys EA7500', 'Router Wi-Fi de doble banda', 199.99, 'Linksys', 'Electrónica'),
(58, 'Silla Gaming Secretlab Titan', 'Silla ergonómica para gamers', 499.99, 'Secretlab', 'Muebles'),
(59, 'Lámpara LED Xiaomi Mi Smart', 'Lámpara inteligente con control por app', 69.99, 'Xiaomi', 'Hogar'),
(60, 'Altavoz Bose SoundLink Revolve+', 'Altavoz portátil con sonido envolvente', 299.99, 'Bose', 'Accesorios'),
(61, 'Cámara Canon EOS R6', 'Cámara sin espejo con grabación 4K', 2499.99, 'Canon', 'Fotografía'),
(62, 'Auriculares Sony WF-1000XM4', 'Auriculares inalámbricos con cancelación de ruido', 279.99, 'Sony', 'Accesorios'),
(63, 'Smartphone Samsung Galaxy Z Fold 3', 'Teléfono móvil plegable con pantalla AMOLED', 1799.99, 'Samsung', 'Electrónica'),
(64, 'Microondas LG NeoChef', 'Microondas con tecnología Smart Inverter', 299.99, 'LG', 'Electrodomésticos'),
(65, 'Libro: Code Complete', 'Libro sobre desarrollo de software', 49.99, 'Microsoft Press', 'Libros'),
(66, 'Consola Steam Deck', 'Consola portátil para videojuegos de PC', 399.99, 'Valve', 'Electrónica'),
(67, 'Router TP-Link Deco X60', 'Sistema de malla Wi-Fi 6', 299.99, 'TP-Link', 'Electrónica'),
(68, 'Silla Herman Miller Aeron', 'Silla ergonómica para oficina', 1399.99, 'Herman Miller', 'Muebles'),
(69, 'Lámpara LED IKEA Smart', 'Lámpara inteligente con control remoto', 79.99, 'IKEA', 'Hogar'),
(70, 'Altavoz Marshall Stanmore II', 'Altavoz Bluetooth con diseño clásico', 399.99, 'Marshall', 'Accesorios'),
(71, 'Cafetera Krups Evidence', 'Cafetera automática con espumador de leche', 999.99, 'Krups', 'Electrodomésticos'),
(72, 'Teclado Logitech G915', 'Teclado mecánico inalámbrico con iluminación RGB', 249.99, 'Logitech', 'Accesorios'),
(73, 'Monitor LG UltraGear 27GN950', 'Monitor 4K UHD con frecuencia de actualización de 144Hz', 899.99, 'LG', 'Electrónica'),
(74, 'Cámara Nikon Z50', 'Cámara sin espejo con lente 16-50mm', 999.99, 'Nikon', 'Fotografía'),
(75, 'Auriculares Sennheiser HD 560S', 'Auriculares abiertos para audiófilos', 199.99, 'Sennheiser', 'Accesorios'),
(76, 'Smartphone Oppo Find X3 Pro', 'Teléfono móvil con cámara avanzada', 1099.99, 'Oppo', 'Electrónica'),
(77, 'Microondas Bosch Serie 4', 'Microondas con grill y tecnología AutoPilot', 249.99, 'Bosch', 'Electrodomésticos'),
(78, 'Libro: Patterns of Enterprise Application Architecture', 'Libro sobre patrones de diseño en aplicaciones empresariales', 59.99, 'Addison-Wesley', 'Libros'),
(79, 'Consola Atari VCS', 'Consola retro con funciones modernas', 299.99, 'Atari', 'Electrónica'),
(80, 'Router ASUS ROG Rapture GT-AX11000', 'Router Wi-Fi 6 para gaming', 449.99, 'ASUS', 'Electrónica'),
(81, 'Silla Gaming Corsair T3 Rush', 'Silla ergonómica para gamers', 299.99, 'Corsair', 'Muebles'),
(82, 'Lámpara LED Yeelight', 'Lámpara inteligente con control por voz', 49.99, 'Yeelight', 'Hogar'),
(83, 'Altavoz Ultimate Ears MEGABOOM 3', 'Altavoz portátil con sonido envolvente', 199.99, 'Ultimate Ears', 'Accesorios'),
(84, 'Cafetera Philips LatteGo', 'Cafetera automática con sistema de leche integrado', 799.99, 'Philips', 'Electrodomésticos'),
(85, 'Teclado SteelSeries Apex Pro', 'Teclado mecánico con interruptores ajustables', 199.99, 'SteelSeries', 'Accesorios'),
(86, 'Monitor Dell Alienware AW3423DW', 'Monitor curvo QD-OLED de 34 pulgadas', 1299.99, 'Dell', 'Electrónica'),
(87, 'Cámara Fujifilm X100V', 'Cámara compacta con lente fija', 1399.99, 'Fujifilm', 'Fotografía'),
(88, 'Auriculares Audio-Technica ATH-M50x', 'Auriculares profesionales para estudio', 149.99, 'Audio-Technica', 'Accesorios'),
(89, 'Smartphone Vivo X70 Pro+', 'Teléfono móvil con estabilización de imagen avanzada', 1199.99, 'Vivo', 'Electrónica'),
(90, 'Microondas Samsung Smart Oven', 'Microondas con funciones de horno y grill', 399.99, 'Samsung', 'Electrodomésticos'),
(91, 'Libro: Clean Architecture', 'Libro sobre arquitectura de software', 49.99, 'Prentice Hall', 'Libros'),
(92, 'Consola Playdate', 'Consola portátil con manivela', 179.99, 'Panic', 'Electrónica'),
(93, 'Router Google Nest WiFi', 'Sistema de malla Wi-Fi con diseño minimalista', 299.99, 'Google', 'Electrónica'),
(94, 'Silla de Oficina Flexispot', 'Silla ergonómica con soporte lumbar ajustable', 199.99, 'Flexispot', 'Muebles'),
(95, 'Lámpara LED Nanoleaf Shapes', 'Paneles LED modulares con control por app', 199.99, 'Nanoleaf', 'Hogar'),
(96, 'Altavoz JBL PartyBox 310', 'Altavoz portátil con luces integradas', 499.99, 'JBL', 'Accesorios'),
(97, 'Cafetera Breville Barista Express', 'Cafetera semiautomática con molinillo integrado', 699.99, 'Breville', 'Electrodomésticos'),
(98, 'Teclado HyperX Alloy Elite 2', 'Teclado mecánico RGB para gaming', 129.99, 'HyperX', 'Accesorios'),
(99, 'Monitor Samsung Smart Monitor M7', 'Monitor 4K UHD con funciones de Smart TV', 399.99, 'Samsung', 'Electrónica'),
(100, 'Cámara Leica Q2', 'Cámara compacta con sensor full-frame', 4999.99, 'Leica', 'Fotografía'),
(101, 'Cereal Kellogg\'s Corn Flakes', 'Cereal de maíz tostado', 3.99, 'Kellogg\'s', 'Alimentación'),
(102, 'Leche Desnatada Pascual', 'Leche desnatada en envase de 1 litro', 1.29, 'Pascual', 'Alimentación'),
(103, 'Aceite de Oliva Virgen Extra Carbonell', 'Aceite de oliva virgen extra de 1 litro', 5.49, 'Carbonell', 'Alimentación'),
(104, 'Arroz SOS', 'Arroz redondo de 1 kg', 1.99, 'SOS', 'Alimentación'),
(105, 'Pasta Barilla Spaghetti', 'Pasta italiana de trigo duro', 2.49, 'Barilla', 'Alimentación'),
(106, 'Galletas María Fontaneda', 'Galletas clásicas María', 1.79, 'Fontaneda', 'Alimentación'),
(107, 'Café Molido Marcilla', 'Café molido natural de 250 g', 3.99, 'Marcilla', 'Alimentación'),
(108, 'Azúcar Moreno Azucarera', 'Azúcar moreno de caña de 1 kg', 2.49, 'Azucarera', 'Alimentación'),
(109, 'Harina de Trigo Gallo', 'Harina de trigo de 1 kg', 1.29, 'Gallo', 'Alimentación'),
(110, 'Chocolate Nestlé Postres', 'Chocolate negro para repostería', 2.99, 'Nestlé', 'Alimentación'),
(111, 'Mermelada de Fresa Hero', 'Mermelada de fresa de 350 g', 2.49, 'Hero', 'Alimentación'),
(112, 'Atún en Aceite de Oliva Calvo', 'Lata de atún en aceite de oliva', 3.99, 'Calvo', 'Alimentación'),
(113, 'Tomate Frito Solís', 'Tomate frito en envase de 350 g', 1.49, 'Solís', 'Alimentación'),
(114, 'Zumo de Naranja Don Simón', 'Zumo de naranja 100% natural', 1.99, 'Don Simón', 'Alimentación'),
(115, 'Pan de Molde Bimbo', 'Pan de molde blanco', 2.49, 'Bimbo', 'Alimentación'),
(116, 'Yogur Natural Danone', 'Pack de 4 yogures naturales', 2.99, 'Danone', 'Alimentación'),
(117, 'Queso Manchego García Baquero', 'Queso manchego curado de 250 g', 4.99, 'García Baquero', 'Alimentación'),
(118, 'Jamón Cocido Campofrío', 'Lonchas de jamón cocido', 2.99, 'Campofrío', 'Alimentación'),
(119, 'Huevos Camperos Coren', 'Docena de huevos camperos', 3.49, 'Coren', 'Alimentación'),
(120, 'Patatas Fritas Lays', 'Bolsa de patatas fritas clásicas', 1.99, 'Lays', 'Alimentación'),
(121, 'Refresco Coca-Cola', 'Botella de Coca-Cola de 2 litros', 1.99, 'Coca-Cola', 'Alimentación'),
(122, 'Agua Mineral Bezoya', 'Botella de agua mineral de 1.5 litros', 0.99, 'Bezoya', 'Alimentación'),
(123, 'Té Verde Lipton', 'Caja de 20 bolsitas de té verde', 2.49, 'Lipton', 'Alimentación'),
(124, 'Pizza Congelada Dr. Oetker', 'Pizza congelada de jamón y queso', 3.99, 'Dr. Oetker', 'Alimentación'),
(125, 'Helado Magnum Almendras', 'Helado de vainilla con cobertura de chocolate y almendras', 2.99, 'Magnum', 'Alimentación'),
(126, 'Sopa de Pollo Knorr', 'Sopa instantánea de pollo', 1.49, 'Knorr', 'Alimentación'),
(127, 'Conserva de Espárragos Cojonudos', 'Espárragos blancos extra', 4.99, 'Cojonudos', 'Alimentación'),
(128, 'Miel de Flores Luna de Miel', 'Miel de flores en envase de 500 g', 3.99, 'Luna de Miel', 'Alimentación'),
(129, 'Vinagre de Vino Borges', 'Vinagre de vino tinto de 750 ml', 1.99, 'Borges', 'Alimentación'),
(130, 'Sal Marina Sal Costa', 'Sal marina fina de 1 kg', 0.99, 'Sal Costa', 'Alimentación'),
(131, 'Cacao en Polvo Cola Cao', 'Cacao soluble en polvo', 3.49, 'Cola Cao', 'Alimentación'),
(132, 'Crema de Cacahuete Skippy', 'Crema de cacahuete suave', 4.49, 'Skippy', 'Alimentación'),
(133, 'Tortitas de Maíz Bicentury', 'Tortitas de maíz bajas en calorías', 1.99, 'Bicentury', 'Alimentación'),
(134, 'Salsa de Soja Kikkoman', 'Salsa de soja japonesa', 3.49, 'Kikkoman', 'Alimentación'),
(135, 'Guisantes Congelados Findus', 'Guisantes congelados de 1 kg', 2.99, 'Findus', 'Alimentación'),
(136, 'Croquetas de Jamón Maheso', 'Croquetas congeladas de jamón', 3.99, 'Maheso', 'Alimentación'),
(137, 'Tarta de Queso La Viña', 'Tarta de queso estilo casero', 5.99, 'La Viña', 'Alimentación'),
(138, 'Empanadillas de Atún La Cocinera', 'Empanadillas congeladas de atún', 3.49, 'La Cocinera', 'Alimentación'),
(139, 'Churros Congelados Mercadona', 'Churros congelados listos para freír', 2.49, 'Mercadona', 'Alimentación'),
(140, 'Pollo Asado Precocinado Carrefour', 'Pollo asado listo para calentar', 6.99, 'Carrefour', 'Alimentación'),
(141, 'Hamburguesas de Ternera El Pozo', 'Hamburguesas de ternera frescas', 4.99, 'El Pozo', 'Alimentación'),
(142, 'Lentejas Pardina Luengo', 'Lentejas pardina de 1 kg', 2.49, 'Luengo', 'Alimentación'),
(143, 'Chorizo Ibérico Revilla', 'Chorizo ibérico en lonchas', 3.99, 'Revilla', 'Alimentación'),
(144, 'Turrón de Jijona El Almendro', 'Turrón blando de almendra', 5.49, 'El Almendro', 'Alimentación'),
(145, 'Cava Freixenet Carta Nevada', 'Botella de cava brut', 6.99, 'Freixenet', 'Alimentación'),
(146, 'Vino Tinto Rioja Marqués de Cáceres', 'Botella de vino tinto crianza', 8.99, 'Marqués de Cáceres', 'Alimentación'),
(147, 'Cerveza Mahou Clásica', 'Pack de 6 latas de cerveza', 4.99, 'Mahou', 'Alimentación'),
(148, 'Whisky Johnnie Walker Red Label', 'Botella de whisky escocés', 15.99, 'Johnnie Walker', 'Alimentación'),
(149, 'Ron Bacardí Carta Blanca', 'Botella de ron blanco', 12.99, 'Bacardí', 'Alimentación'),
(150, 'Vodka Absolut', 'Botella de vodka sueco', 14.99, 'Absolut', 'Alimentación'),
(151, 'Tequila José Cuervo', 'Botella de tequila reposado', 19.99, 'José Cuervo', 'Alimentación'),
(152, 'Sidra ElGaitero', 'Botella de sidra natural', 2.99, 'El Gaitero', 'Alimentación'),
(153, 'Sangría Don Simón', 'Botella de sangría lista para beber', 3.49, 'Don Simón', 'Alimentación'),
(154, 'Batido de Chocolate Nestlé', 'Batido de chocolate listo para beber', 1.49, 'Nestlé', 'Alimentación'),
(155, 'Agua con Gas San Pellegrino', 'Botella de agua mineral con gas', 1.29, 'San Pellegrino', 'Alimentación'),
(156, 'Té Frío Lipton Ice Tea', 'Botella de té frío sabor melocotón', 1.99, 'Lipton', 'Alimentación'),
(157, 'Bebida Energética Red Bull', 'Lata de bebida energética', 1.49, 'Red Bull', 'Alimentación'),
(158, 'Batido de Fresa Hacendado', 'Batido de fresa listo para beber', 1.29, 'Hacendado', 'Alimentación'),
(159, 'Cerveza Estrella Damm', 'Pack de 6 botellas de cerveza', 5.99, 'Estrella Damm', 'Alimentación'),
(160, 'Vino Blanco Rueda Marqués de Cáceres', 'Botella de vino blanco verdejo', 7.99, 'Marqués de Cáceres', 'Alimentación'),
(161, 'Cerveza Alhambra Reserva 1925', 'Pack de 6 botellas de cerveza', 6.99, 'Alhambra', 'Alimentación'),
(162, 'Sidra Asturiana Trabanco', 'Botella de sidra natural asturiana', 3.49, 'Trabanco', 'Alimentación'),
(163, 'Té Verde Frío Lipton', 'Botella de té verde frío sabor limón', 1.99, 'Lipton', 'Alimentación'),
(164, 'Batido de Vainilla Hacendado', 'Batido de vainilla listo para beber', 1.29, 'Hacendado', 'Alimentación'),
(165, 'Cerveza Cruzcampo', 'Pack de 6 latas de cerveza', 4.99, 'Cruzcampo', 'Alimentación'),
(166, 'Vino Rosado Campo Viejo', 'Botella de vino rosado', 8.99, 'Campo Viejo', 'Alimentación'),
(167, 'Sidra ElGaitero con Gas', 'Botella de sidra con gas', 3.99, 'El Gaitero', 'Alimentación'),
(168, 'Té Frío Nestea', 'Botella de té frío sabor limón', 1.99, 'Nestea', 'Alimentación'),
(169, 'Batido de Chocolate Hacendado', 'Batido de chocolate listo para beber', 1.29, 'Hacendado', 'Alimentación'),
(170, 'Cerveza Mahou Sin Alcohol', 'Pack de 6 latas de cerveza sin alcohol', 5.99, 'Mahou', 'Alimentación'),
(171, 'Vino Tinto Ribera del Duero Protos', 'Botella de vino tinto crianza', 12.99, 'Protos', 'Alimentación'),
(172, 'Sidra Asturiana ElGaitero', 'Botella de sidra natural asturiana', 3.49, 'El Gaitero', 'Alimentación'),
(173, 'Té Verde Lipton con Limón', 'Caja de 20 bolsitas de té verde con limón', 2.49, 'Lipton', 'Alimentación'),
(174, 'Batido de Fresa y Plátano Hacendado', 'Batido listo para beber', 1.29, 'Hacendado', 'Alimentación'),
(175, 'Cerveza Estrella Galicia', 'Pack de 6 botellas de cerveza', 5.99, 'Estrella Galicia', 'Alimentación'),
(176, 'Vino Blanco Albariño Pazo Señorans', 'Botella de vino blanco albariño', 14.99, 'Pazo Señorans', 'Alimentación'),
(177, 'Sidra Natural Trabanco con Gas', 'Botella de sidra natural con gas', 4.49, 'Trabanco', 'Alimentación'),
(178, 'Té Frío Nestea Limón y Melocotón', 'Botella de té frío sabor limón y melocotón', 1.99, 'Nestea', 'Alimentación'),
(179, 'Batido de Chocolate y Avellana Hacendado', 'Batido listo para beber con avellanas', 1.29, 'Hacendado', 'Alimentación'),
(180, 'Cerveza Alhambra Especial', 'Pack de 6 botellas de cerveza especial', 7.99, 'Alhambra', 'Alimentación'),
(181, 'Vino Tinto Rioja Campo Viejo', 'Botella de vino tinto crianza', 9.99, 'Campo Viejo', 'Alimentación'),
(182, 'Sidra Asturiana Trabanco Natural', 'Botella de sidra natural asturiana', 3.99, 'Trabanco', 'Alimentación'),
(183, 'Té Verde Lipton con Menta', 'Caja de 20 bolsitas de té verde con menta', 2.49, 'Lipton', 'Alimentación'),
(184, 'Batido de Fresa y Chocolate Hacendado', 'Batido listo para beber con fresa y chocolate', 1.29, 'Hacendado', 'Alimentación'),
(185, 'Cerveza Mahou Barrica', 'Pack de 6 botellas de cerveza barrica', 8.99, 'Mahou', 'Alimentación'),
(186, 'Vino Blanco Verdejo Marqués de Cáceres', 'Botella de vino blanco verdejo', 10.99, 'Marqués de Cáceres', 'Alimentación'),
(187, 'Sidra ElGaitero Natural', 'Botella de sidra natural sin gas', 3.49, 'El Gaitero', 'Alimentación'),
(188, 'Té Frío Nestea Melocotón y Limón', 'Botella de té frío sabor melocotón y limón', 1.99, 'Nestea', 'Alimentación'),
(189, 'Batido de Chocolate y Fresa Hacendado', 'Batido listo para beber con chocolate y fresa', 1.29, 'Hacendado', 'Alimentación'),
(190, 'Cerveza Estrella Damm Inedit', 'Pack de 6 botellas de cerveza Inedit', 9.99, 'Estrella Damm', 'Alimentación'),
(191, 'Vino Tinto Ribera del Duero Emilio Moro', 'Botella de vino tinto crianza Emilio Moro', 15.99, 'Emilio Moro', 'Alimentación'),
(192, 'Sidra Asturiana Trabanco Natural', 'Botella de sidra natural asturiana sin gas', 4.99, 'Trabanco', 'Alimentación'),
(193, 'Té Verde Lipton con Jengibre', 'Caja de 20 bolsitas de té verde con jengibre', 2.49, 'Lipton', 'Alimentación'),
(194, 'Batido de Chocolate y Plátano Hacendado', 'Batido listo para beber con chocolate y plátano', 1.29, 'Hacendado', 'Alimentación'),
(195, 'Cerveza Alhambra Reserva Roja', 'Pack de 6 botellas de cerveza roja', 8.99, 'Alhambra', 'Alimentación'),
(196, 'Vino Blanco Albariño Martín Códax', 'Botella de vino blanco albariño Martín Códax', 12.99, 'Martín Códax', 'Alimentación'),
(197, 'Sidra ElGaitero con Gas Natural', 'Botella de sidra natural con gas sin aditivos', 4.49, 'El Gaitero', 'Alimentación'),
(198, 'Té Frío Nestea Limón y Jengibre', 'Botella de té frío sabor limón y jengibre', 1.99, 'Nestea', 'Alimentación'),
(199, 'Batido de Chocolate y Vainilla Hacendado', 'Batido listo para beber con chocolate y vainilla', 1.29, 'Hacendado', 'Alimentación'),
(200, 'Cerveza Mahou Maestra', 'Pack de 6 botellas de cerveza maestra', 9.99, 'Mahou', 'Alimentación');

-- Insertar datos en la tabla genera_ticket
INSERT INTO genera_ticket (id_ticket, id_cliente, id_producto, cantidad, fecha)
VALUES
(1, 1, 10, 2, '2023-10-01'),
(2, 2, 25, 1, '2023-10-02'),
(3, 3, 50, 3, '2023-10-03'),
(4, 4, 75, 1, '2023-10-04'),
(5, 5, 100, 2, '2023-10-05'),
(6, 6, 150, 1, '2023-10-06'),
(7, 7, 120, 4, '2023-10-07'),
(8, 8, 80, 2, '2023-10-08'),
(9, 9, 60, 1, '2023-10-09'),
(10, 10, 40, 3, '2023-10-10'),
(11, 11, 20, 2, '2023-10-11'),
(12, 12, 90, 1, '2023-10-12'),
(13, 13, 110, 2, '2023-10-13'),
(14, 14, 130, 1, '2023-10-14'),
(15, 15, 140, 3, '2023-10-15'),
(16, 16, 160, 2, '2023-10-16'),
(17, 17, 170, 1, '2023-10-17'),
(18, 18, 180, 4, '2023-10-18'),
(19, 20, 190, 2, '2023-10-19'),
(20, 20, 200, 1, '2023-10-20');
